{
    "train_loss": [
        2.3972847850955263,
        2.418803176101373,
        2.3897195056993135,
        2.2122778795203386,
        2.0720950875963484,
        1.9070797732898168,
        1.683215849253596,
        1.7661445481436593,
        1.6504826484894266,
        1.4606051311200978,
        1.4375140168228928,
        1.4666432908603124,
        1.374177805015019,
        1.3240592528362662,
        1.2537993581927553,
        1.2718481214679018,
        1.1089073754086787,
        1.1638406107620316,
        1.1718954735872698,
        1.1238809483391898,
        0.9875121834326763,
        1.142444485304307,
        1.0548211853114926,
        1.0262555905750819,
        0.9782545907156808,
        0.9731123009506537,
        0.9976416509978625,
        0.9579722382584397,
        0.9868364175971673,
        0.9266217715886175
    ],
    "val_loss": [
        1.5970702597073145,
        1.5559353743280684,
        1.354070314339229,
        1.281198603766305,
        1.2630135204110826,
        1.220053540808814,
        1.2712500946862357,
        1.2134368164198739,
        1.1693688418184007,
        1.1476351959364754,
        1.1439426115580968,
        1.120503238269261,
        1.1014527678489685,
        1.0994256011077337,
        1.1238283238240652,
        1.0823846118790763,
        1.046338221856526,
        1.0944270406450545,
        1.071367289338793,
        1.0675550316061293,
        1.0578296312264033,
        1.0638721542698997,
        1.0631999330861228,
        1.0683366911751884,
        1.0935135334730148,
        1.165990874171257,
        1.0131453233105796,
        1.0752089832510268,
        1.0483529844454356,
        1.1315397939511709
    ],
    "val_recall": [
        0.9393939393939394,
        1.0,
        0.9090909090909091,
        0.9090909090909091,
        0.9090909090909091,
        0.9090909090909091,
        0.9090909090909091,
        0.9090909090909091,
        0.9090909090909091,
        0.9393939393939394,
        0.9393939393939394,
        0.9393939393939394,
        0.9393939393939394,
        0.9393939393939394,
        0.8787878787878788,
        0.9393939393939394,
        0.9393939393939394,
        0.9393939393939394,
        0.9393939393939394,
        0.8787878787878788,
        0.9393939393939394,
        0.9393939393939394,
        0.9393939393939394,
        0.9090909090909091,
        0.8181818181818182,
        0.7878787878787878,
        0.9393939393939394,
        0.8484848484848485,
        0.8787878787878788,
        0.7878787878787878
    ],
    "val_f1": [
        0.07045454545454545,
        0.07127429805615551,
        0.078125,
        0.09375,
        0.09917355371900827,
        0.1,
        0.10101010101010101,
        0.10118043844856661,
        0.10909090909090909,
        0.11191335740072202,
        0.1141804788213628,
        0.11742424242424243,
        0.1111111111111111,
        0.11992263056092843,
        0.12636165577342048,
        0.12449799196787148,
        0.12525252525252525,
        0.12601626016260162,
        0.11946050096339114,
        0.12719298245614036,
        0.1203883495145631,
        0.13135593220338984,
        0.12783505154639174,
        0.13452914798206278,
        0.12857142857142856,
        0.12903225806451613,
        0.12627291242362526,
        0.12814645308924486,
        0.1291759465478842,
        0.13367609254498714
    ],
    "val_precision": [
        0.03659976387249114,
        0.036954087346024636,
        0.04081632653061224,
        0.04942339373970346,
        0.05244755244755245,
        0.05291005291005291,
        0.053475935828877004,
        0.05357142857142857,
        0.058027079303675046,
        0.05950095969289827,
        0.060784313725490195,
        0.06262626262626263,
        0.05904761904761905,
        0.0640495867768595,
        0.06807511737089202,
        0.06666666666666667,
        0.0670995670995671,
        0.06753812636165578,
        0.06378600823045268,
        0.06855791962174941,
        0.06431535269709543,
        0.07061503416856492,
        0.06858407079646017,
        0.07263922518159806,
        0.06976744186046512,
        0.07027027027027027,
        0.06768558951965066,
        0.06930693069306931,
        0.06971153846153846,
        0.07303370786516854
    ],
    "val_accuracy": [],
    "falsi_negativi": [
        2,
        0,
        3,
        3,
        3,
        3,
        3,
        3,
        3,
        2,
        2,
        2,
        2,
        2,
        4,
        2,
        2,
        2,
        2,
        4,
        2,
        2,
        2,
        3,
        6,
        7,
        2,
        5,
        4,
        7
    ]
}