{
    "train_loss": [
        2.6825461193006865,
        2.3113664607612456,
        2.122575970328584,
        2.039027366102958,
        1.7881785655508236,
        1.6416530840250911,
        1.6378727397140191,
        1.537295370685811,
        1.513062418723593,
        1.4304948996524423,
        1.505024982958424,
        1.2668121615234686,
        1.10462529987705,
        1.2104731226453975,
        1.1124666692042837,
        1.1064091945181087,
        1.1120706352652336,
        1.1739754238907172,
        1.050221555087031,
        1.095769007595218,
        1.0751949877155071,
        1.0915267193803981,
        0.993482192560118,
        0.89293841926419,
        0.9603473982032464,
        0.9707709800223915,
        0.8915089879717145,
        0.8439930543607596,
        0.8928449962820325,
        0.8299362568222747
    ],
    "val_loss": [
        1.7356335009847368,
        1.5123994180134364,
        1.4039204290934972,
        1.242365151643753,
        1.2261431813240051,
        1.1865102010113853,
        1.2312506181853158,
        1.1209156555788857,
        1.147184974380902,
        1.1362412444182806,
        1.1676222000803267,
        1.1045416380677904,
        1.1118217621530806,
        1.1011011047022683,
        1.1198789307049342,
        1.0771878872598921,
        1.1532413427318846,
        1.1056668417794364,
        1.0964132760252272,
        1.0760162387575423,
        1.0747534121785844,
        1.0783673311982835,
        1.084366181067058,
        1.1651920165334428,
        1.18223494717053,
        1.0362136278833662,
        1.0575607695749827,
        1.0842074475118093,
        1.102949287210192,
        1.1718540681259972
    ],
    "val_recall": [
        0.8181818181818182,
        0.9393939393939394,
        0.9696969696969697,
        0.9393939393939394,
        0.9393939393939394,
        0.9393939393939394,
        0.9393939393939394,
        0.9393939393939394,
        0.9393939393939394,
        0.9393939393939394,
        0.8787878787878788,
        0.9393939393939394,
        0.9393939393939394,
        0.9393939393939394,
        0.8181818181818182,
        0.9393939393939394,
        0.7272727272727273,
        0.8787878787878788,
        0.9393939393939394,
        0.9393939393939394,
        0.8787878787878788,
        0.9090909090909091,
        0.8787878787878788,
        0.7575757575757576,
        0.7272727272727273,
        0.9393939393939394,
        0.8181818181818182,
        0.8484848484848485,
        0.8484848484848485,
        0.696969696969697
    ],
    "val_f1": [
        0.06553398058252427,
        0.06942889137737962,
        0.0794044665012407,
        0.09267563527653214,
        0.10299003322259136,
        0.10281923714759536,
        0.09763779527559055,
        0.10896309314586995,
        0.1222879684418146,
        0.11524163568773234,
        0.13394919168591224,
        0.11923076923076924,
        0.12943632567849686,
        0.1222879684418146,
        0.12134831460674157,
        0.1257606490872211,
        0.13114754098360656,
        0.12636165577342048,
        0.12525252525252525,
        0.13596491228070176,
        0.1277533039647577,
        0.13215859030837004,
        0.13942307692307693,
        0.14925373134328357,
        0.14035087719298245,
        0.12277227722772277,
        0.13106796116504854,
        0.1278538812785388,
        0.12993039443155452,
        0.125
    ],
    "val_precision": [
        0.03413400758533502,
        0.03604651162790698,
        0.04139715394566624,
        0.04874213836477988,
        0.054481546572934976,
        0.054385964912280704,
        0.05149501661129568,
        0.05783582089552239,
        0.06540084388185655,
        0.061386138613861385,
        0.0725,
        0.06365503080082136,
        0.06950672645739911,
        0.06540084388185655,
        0.06553398058252427,
        0.06739130434782609,
        0.07207207207207207,
        0.06807511737089202,
        0.0670995670995671,
        0.07328605200945626,
        0.0688836104513064,
        0.07125890736342043,
        0.07571801566579635,
        0.08278145695364239,
        0.07766990291262135,
        0.06567796610169492,
        0.0712401055408971,
        0.0691358024691358,
        0.07035175879396985,
        0.06865671641791045
    ],
    "val_accuracy": [],
    "falsi_negativi": [
        6,
        2,
        1,
        2,
        2,
        2,
        2,
        2,
        2,
        2,
        4,
        2,
        2,
        2,
        6,
        2,
        9,
        4,
        2,
        2,
        4,
        3,
        4,
        8,
        9,
        2,
        6,
        5,
        5,
        10
    ]
}